{"cameraMode":{"drawMode":0,"name":"Shaded","section":"Shading Mode"},"sceneLighting":true,"audioPlay":false,"sceneViewState":{"m_AlwaysRefresh":false,"showFog":true,"showSkybox":true,"showFlares":true,"showImageEffects":true,"showParticleSystems":true,"showVisualEffectGraphs":true,"m_FxEnabled":true},"in2DMode":false,"pivot":{"x":293.49322509765627,"y":420.4540710449219,"z":-369.7808837890625},"rotation":{"x":-0.09316843003034592,"y":-0.011352158151566983,"z":0.0010614352067932487,"w":-0.995589554309845},"size":103.07764434814453,"orthographic":false}